{"cameraMode":{"drawMode":0,"name":"Shaded","section":"Shading Mode"},"sceneLighting":false,"audioPlay":false,"sceneViewState":{"showFog":true,"showMaterialUpdate":false,"showSkybox":false,"showFlares":true,"showImageEffects":true,"showParticleSystems":true},"in2DMode":false,"pivot":{"x":-7.166366100311279,"y":-0.4076822102069855,"z":-40.947242736816409},"rotation":{"x":-0.16113124787807465,"y":0.45979782938957217,"z":-0.08524059504270554,"w":-0.8691412210464478},"size":5.596899032592773,"orthographic":false}