{"cameraMode":{"drawMode":0,"name":"Shaded","section":"Shading Mode"},"sceneLighting":false,"audioPlay":false,"sceneViewState":{"showFog":true,"showMaterialUpdate":false,"showSkybox":false,"showFlares":true,"showImageEffects":true,"showParticleSystems":true},"in2DMode":false,"pivot":{"x":-0.31218814849853518,"y":-0.9416956901550293,"z":-58.190895080566409},"rotation":{"x":-0.22370098531246186,"y":0.6670112013816834,"z":-0.22089962661266328,"w":-0.6754704117774963},"size":10.67607307434082,"orthographic":false}