{"cameraMode":{"drawMode":0,"name":"Shaded","section":"Shading Mode"},"sceneLighting":false,"audioPlay":false,"sceneViewState":{"showFog":true,"showMaterialUpdate":false,"showSkybox":false,"showFlares":true,"showImageEffects":true,"showParticleSystems":true},"in2DMode":false,"pivot":{"x":1.7050495147705079,"y":4.414764404296875,"z":19.165620803833009},"rotation":{"x":-0.25483325123786929,"y":0.35545265674591067,"z":-0.10137083381414414,"w":-0.8935770988464356},"size":27.454851150512697,"orthographic":false}